<?xml version="1.0" encoding="UTF-8"?>
<sk:systemKeys xmlns:sk="http://pingidentity.com/2018/01/system-keys">
    <sk:currentKey>
        <sk:key>eyJhbGciOiJkaXIiLCJlbmMiOiJBMTI4Q0JDLUhTMjU2Iiwia2lkIjoiRW1JY1UxOVdueSIsInZlcnNpb24iOiIxMC4zLjMuMCIsInppcCI6IkRFRiJ9..0n0ZUBPphFqpwGsBM1Qstg.OONUlPCUp3YlQOR6-i1u5Vcvrik_40W42whOYZq8UfRXj-Mv5hTZcuq1VAow_x7Y.OgJPBFytplJtAJ6O_v2QTw</sk:key>
        <sk:generatedTime>2019-01-28T03:10:17.926Z</sk:generatedTime>
    </sk:currentKey>
    <sk:previousKey xsi:nil="true" xmlns:xsi="http://www.w3.org/2001/XMLSchema-instance"/>
    <sk:pendingKey>
        <sk:key>eyJhbGciOiJkaXIiLCJlbmMiOiJBMTI4Q0JDLUhTMjU2Iiwia2lkIjoiRW1JY1UxOVdueSIsInZlcnNpb24iOiIxMC4zLjMuMCIsInppcCI6IkRFRiJ9..JBq6Y5Un_XiXTt1Hj_zyaQ.EZDZiZetLRJKaMqVmk_QQ8HiEOYBJh56iKrAlPBxPcLnl57gz6rRtKrmgRnw63ys.7q_6bTQm9uCSupCxZe9fPQ</sk:key>
        <sk:generatedTime>2019-01-28T03:10:17.928Z</sk:generatedTime>
    </sk:pendingKey>
</sk:systemKeys>