<?xml version="1.0" encoding="UTF-8"?>
<sk:systemKeys xmlns:sk="http://pingidentity.com/2018/01/system-keys">
    <sk:currentKey>
        <sk:key>eyJhbGciOiJkaXIiLCJlbmMiOiJBMTI4Q0JDLUhTMjU2Iiwia2lkIjoiRW1JY1UxOVdueSIsInZlcnNpb24iOiIxMC4zLjMuMCIsInppcCI6IkRFRiJ9..qLd_wh8u6UvMdCQgbyT2DA.20HXJ7i96crXmcvZT96yDhpMlGRJ-La6t-BFtVzZZ9C3M6twiK1lzxxDXkYjpNqW.akmj_lFE7sbtp4DWrP6dTw</sk:key>
        <sk:generatedTime>2019-01-28T03:10:17.926Z</sk:generatedTime>
    </sk:currentKey>
    <sk:previousKey xsi:nil="true" xmlns:xsi="http://www.w3.org/2001/XMLSchema-instance"/>
    <sk:pendingKey>
        <sk:key>eyJhbGciOiJkaXIiLCJlbmMiOiJBMTI4Q0JDLUhTMjU2Iiwia2lkIjoiRW1JY1UxOVdueSIsInZlcnNpb24iOiIxMC4zLjMuMCIsInppcCI6IkRFRiJ9..pO3CnMzuQc0DFK62LCOvJQ.t-Bxyg4HtHfV5XPUaLzB2nCM8Neo9ZCvLpuy2v4vBmNOmfk3XqSDJcKV8EzuF3N4.t-i7g08eV859izQg1xMqCw</sk:key>
        <sk:generatedTime>2019-01-28T03:10:17.928Z</sk:generatedTime>
    </sk:pendingKey>
</sk:systemKeys>