<?xml version="1.0" encoding="UTF-8"?>
<urn:PluginConfiguration isInheritExtendedContractAttributes="false" name="Dummy" xmlns:urn="urn:sourceid.org:saml2:adapter:conf">
    <urn:Fields/>
    <urn:AdvancedFields/>
    <urn:Tables>
        <urn:Table name="Users">
            <urn:Row defaultRow="false">
                <urn:Field name="Username">test</urn:Field>
                <urn:Field name="Password">J97fVTbVK8Z5j_UVCVs4YPvqRijp_BtTi6ueqULunKs.rabaAJi1.2</urn:Field>
                <urn:Field name="Confirm Password">kmc8B0C5rzYN8ZPBXQLlQGCYx2Xzs5j3gMP6Y9jmDso.4v6vL_CP.2</urn:Field>
                <urn:Field name="Relax Password Requirements">true</urn:Field>
            </urn:Row>
        </urn:Table>
    </urn:Tables>
</urn:PluginConfiguration>