<?xml version="1.0" encoding="UTF-8"?>
<urn:PluginConfiguration isInheritExtendedContractAttributes="false" name="simple" xmlns:urn="urn:sourceid.org:saml2:adapter:conf">
    <urn:Fields/>
    <urn:AdvancedFields/>
    <urn:Tables>
        <urn:Table name="Users">
            <urn:Row defaultRow="false">
                <urn:Field name="Username">joe</urn:Field>
                <urn:Field name="Password">RIEEQuwknZyZq85ikckaJzrGh_vf2kdKN5vYUy4tKNM.iu5IUIjc.2</urn:Field>
                <urn:Field name="Confirm Password">qrd7qzzARYSu0sdnJDLF3c7xojoiwUdwsgCIa2DyOBU.ceJNcjh4.2</urn:Field>
                <urn:Field name="Relax Password Requirements">true</urn:Field>
            </urn:Row>
        </urn:Table>
    </urn:Tables>
</urn:PluginConfiguration>