<?xml version="1.0" encoding="UTF-8"?>
<urn:PluginConfiguration isInheritExtendedContractAttributes="false" name="simple" xmlns:urn="urn:sourceid.org:saml2:adapter:conf">
    <urn:Fields/>
    <urn:AdvancedFields/>
    <urn:Tables>
        <urn:Table name="Users">
            <urn:Row defaultRow="false">
                <urn:Field name="Username">joe</urn:Field>
                <urn:Field name="Password">M8JPkK4W9Ebj8lU6b5NJFmaBgeaNxJdUMhzkviFw5X0.ZANgOVDY.2</urn:Field>
                <urn:Field name="Confirm Password">lnhw3-nYaIH2bNqrR17UeC9Spd9I7zGSFnQhiSQP2s0.oTRtCACL.2</urn:Field>
                <urn:Field name="Relax Password Requirements">true</urn:Field>
            </urn:Row>
        </urn:Table>
    </urn:Tables>
</urn:PluginConfiguration>